Area,ID,Condition,Age Group,Sex,Year,Incidence Rate (%),95LCL,95UCL,Prevalence (Rate per 100),95LCL,95UCL,Mortality (Rate Ratio),95LCL,95UCL,
Canada,1,"Dementia, including Alzheimer's disease",65+,Both sexes,2002,1.59,1.58,1.6,5.34,5.32,5.36,3.85,3.77,3.93,
Canada,1,"Dementia, including Alzheimer's disease",65+,Females,2002,1.61,1.59,1.63,5.65,5.63,5.68,3.98,3.87,4.1,
Canada,1,"Dementia, including Alzheimer's disease",65+,Males,2002,1.54,1.52,1.56,4.73,4.69,4.76,3.76,3.66,3.86,
Canada,1,"Dementia, including Alzheimer's disease",65+,Both sexes,2003,1.58,1.56,1.59,5.64,5.62,5.66,3.81,3.74,3.89,
Canada,1,"Dementia, including Alzheimer's disease",65+,Females,2003,1.61,1.6,1.63,5.97,5.94,6,3.94,3.82,4.06,
Canada,1,"Dementia, including Alzheimer's disease",65+,Males,2003,1.51,1.49,1.53,5.01,4.97,5.04,3.72,3.63,3.82,
Canada,1,"Dementia, including Alzheimer's disease",65+,Both sexes,2004,1.57,1.56,1.58,5.88,5.85,5.9,3.89,3.82,3.97,
Canada,1,"Dementia, including Alzheimer's disease",65+,Females,2004,1.6,1.58,1.61,6.21,6.18,6.24,4.03,3.92,4.15,
Canada,1,"Dementia, including Alzheimer's disease",65+,Males,2004,1.52,1.5,1.54,5.24,5.2,5.27,3.79,3.7,3.89,
Canada,1,"Dementia, including Alzheimer's disease",65+,Both sexes,2005,1.52,1.51,1.53,6.01,5.99,6.03,3.88,3.8,3.95,
Canada,1,"Dementia, including Alzheimer's disease",65+,Females,2005,1.55,1.54,1.57,6.36,6.33,6.39,3.96,3.85,4.07,
Canada,1,"Dementia, including Alzheimer's disease",65+,Males,2005,1.45,1.43,1.47,5.36,5.32,5.39,3.83,3.72,3.93,
Canada,1,"Dementia, including Alzheimer's disease",65+,Both sexes,2006,1.56,1.55,1.57,6.19,6.17,6.21,4,3.92,4.08,
Canada,1,"Dementia, including Alzheimer's disease",65+,Females,2006,1.59,1.57,1.6,6.54,6.51,6.57,4.1,3.98,4.21,
Canada,1,"Dementia, including Alzheimer's disease",65+,Males,2006,1.51,1.49,1.52,5.53,5.5,5.57,3.93,3.83,4.04,
Canada,1,"Dementia, including Alzheimer's disease",65+,Both sexes,2007,1.55,1.53,1.56,6.3,6.28,6.32,3.99,3.91,4.06,
Canada,1,"Dementia, including Alzheimer's disease",65+,Females,2007,1.58,1.56,1.6,6.67,6.64,6.7,4.22,4.1,4.34,
Canada,1,"Dementia, including Alzheimer's disease",65+,Males,2007,1.48,1.46,1.5,5.62,5.59,5.66,3.83,3.74,3.93,
Canada,1,"Dementia, including Alzheimer's disease",65+,Both sexes,2008,1.6,1.58,1.61,6.48,6.46,6.51,4.04,3.96,4.11,
Canada,1,"Dementia, including Alzheimer's disease",65+,Females,2008,1.64,1.63,1.66,6.87,6.84,6.9,4.21,4.09,4.32,
Canada,1,"Dementia, including Alzheimer's disease",65+,Males,2008,1.51,1.49,1.53,5.79,5.75,5.82,3.93,3.83,4.02,
Canada,1,"Dementia, including Alzheimer's disease",65+,Both sexes,2009,1.65,1.64,1.66,6.65,6.63,6.67,3.95,3.88,4.02,
Canada,1,"Dementia, including Alzheimer's disease",65+,Females,2009,1.71,1.69,1.73,7.06,7.03,7.09,4.1,3.99,4.21,
Canada,1,"Dementia, including Alzheimer's disease",65+,Males,2009,1.55,1.54,1.57,5.92,5.89,5.95,3.85,3.76,3.94,
Canada,1,"Dementia, including Alzheimer's disease",65+,Both sexes,2010,1.59,1.57,1.6,6.75,6.73,6.77,4,3.92,4.07,
Canada,1,"Dementia, including Alzheimer's disease",65+,Females,2010,1.63,1.62,1.65,7.17,7.14,7.2,4.15,4.04,4.26,
Canada,1,"Dementia, including Alzheimer's disease",65+,Males,2010,1.5,1.49,1.52,6.01,5.98,6.05,3.9,3.81,4,
Canada,1,"Dementia, including Alzheimer's disease",65+,Both sexes,2011,1.58,1.56,1.59,6.81,6.79,6.83,4.03,3.96,4.1,
Canada,1,"Dementia, including Alzheimer's disease",65+,Females,2011,1.62,1.6,1.63,7.24,7.21,7.27,4.18,4.07,4.29,
Canada,1,"Dementia, including Alzheimer's disease",65+,Males,2011,1.51,1.49,1.52,6.08,6.05,6.11,3.94,3.85,4.03,
Canada,1,"Dementia, including Alzheimer's disease",65+,Both sexes,2012,1.54,1.53,1.55,6.85,6.82,6.87,4.12,4.05,4.2,
Canada,1,"Dementia, including Alzheimer's disease",65+,Females,2012,1.59,1.57,1.6,7.28,7.25,7.31,4.25,4.15,4.36,
Canada,1,"Dementia, including Alzheimer's disease",65+,Males,2012,1.46,1.44,1.48,6.11,6.08,6.14,4.05,3.96,4.14,
Canada,1,"Dementia, including Alzheimer's disease",65+,Both sexes,2013,1.5,1.49,1.51,6.83,6.81,6.86,4.25,4.18,4.32,
Canada,1,"Dementia, including Alzheimer's disease",65+,Females,2013,1.54,1.53,1.55,7.27,7.24,7.3,4.39,4.29,4.51,
Canada,1,"Dementia, including Alzheimer's disease",65+,Males,2013,1.43,1.41,1.44,6.11,6.07,6.14,4.16,4.06,4.25,
Nunavut,62,"Dementia, including Alzheimer's disease",65+,Both sexes,2002,0,0,0,0,0,0,2.3142991,1.401431,3.8217938,
Nunavut,62,"Dementia, including Alzheimer's disease",65+,Females,2002,0,0,0,0,0,0,1.988209,1.0480372,3.7717886,
Nunavut,62,"Dementia, including Alzheimer's disease",65+,Males,2002,0,0,0,0,0,0,0,0,0,
Nunavut,62,"Dementia, including Alzheimer's disease",65+,Both sexes,2003,0,0,0,0,0,0,3.4966746,1.8419419,6.6379584,
Nunavut,62,"Dementia, including Alzheimer's disease",65+,Females,2003,0,0,0,0,0,0,2.0401092,1.0974576,3.7924431,
Nunavut,62,"Dementia, including Alzheimer's disease",65+,Males,2003,0,0,0,0,0,0,0,0,0,
Nunavut,62,"Dementia, including Alzheimer's disease",65+,Both sexes,2004,0,0,0,0,0,0,2.6062266,1.5284923,4.4438674,
Nunavut,62,"Dementia, including Alzheimer's disease",65+,Females,2004,0,0,0,0,0,0,2.8110296,1.4142383,5.5873804,
Nunavut,62,"Dementia, including Alzheimer's disease",65+,Males,2004,0,0,0,0,0,0,0,0,0,
Nunavut,62,"Dementia, including Alzheimer's disease",65+,Both sexes,2005,1.64,1.26,2.1,3.44,2.9,4.07,2.0455796,1.2758034,3.2798126,
Nunavut,62,"Dementia, including Alzheimer's disease",65+,Females,2005,1.55,1.06,2.19,3.83,3.05,4.75,0,0,0,
Nunavut,62,"Dementia, including Alzheimer's disease",65+,Males,2005,1.78,1.21,2.54,3.05,2.31,3.96,2.6204021,1.3981008,4.9113106,
Nunavut,62,"Dementia, including Alzheimer's disease",65+,Both sexes,2006,1.22,0.9,1.61,4,3.42,4.65,1.5385176,1.0152053,2.3315839,
Nunavut,62,"Dementia, including Alzheimer's disease",65+,Females,2006,1.3,0.86,1.89,4.53,3.7,5.51,1.8459087,1.0107062,3.3712852,
Nunavut,62,"Dementia, including Alzheimer's disease",65+,Males,2006,1.12,0.71,1.72,3.42,2.66,4.35,1.3899189,0.7801985,2.4761321,
Nunavut,62,"Dementia, including Alzheimer's disease",65+,Both sexes,2007,0.91,0.64,1.25,4.09,3.52,4.74,2.5498416,1.4308194,4.544034,
Nunavut,62,"Dementia, including Alzheimer's disease",65+,Females,2007,0.9,0.55,1.41,4.47,3.66,5.42,0,0,0,
Nunavut,62,"Dementia, including Alzheimer's disease",65+,Males,2007,0.89,0.53,1.43,3.63,2.85,4.57,1.5386637,0.8453119,2.8007248,
Nunavut,62,"Dementia, including Alzheimer's disease",65+,Both sexes,2008,0.95,0.68,1.29,4.17,3.6,4.8,0,0,0,
Nunavut,62,"Dementia, including Alzheimer's disease",65+,Females,2008,0.92,0.57,1.4,4.37,3.59,5.28,1.6405908,0.8335585,3.2289732,
Nunavut,62,"Dementia, including Alzheimer's disease",65+,Males,2008,1.01,0.61,1.58,3.94,3.14,4.89,0,0,0,
Nunavut,62,"Dementia, including Alzheimer's disease",65+,Both sexes,2009,0.73,0.51,1.02,3.96,3.43,4.56,1.8526078,1.2734229,2.6952207,
Nunavut,62,"Dementia, including Alzheimer's disease",65+,Females,2009,0.67,0.39,1.08,4.19,3.44,5.06,1.4095224,0.7604052,2.612756,
Nunavut,62,"Dementia, including Alzheimer's disease",65+,Males,2009,0.81,0.48,1.3,3.71,2.97,4.6,2.3445847,1.4542047,3.7801263,
Nunavut,62,"Dementia, including Alzheimer's disease",65+,Both sexes,2010,1.15,0.87,1.5,4.33,3.78,4.93,3.7883461,2.4289139,5.9086352,
Nunavut,62,"Dementia, including Alzheimer's disease",65+,Females,2010,1.27,0.87,1.79,4.77,3.99,5.67,3.1605683,1.7672643,5.6523474,
Nunavut,62,"Dementia, including Alzheimer's disease",65+,Males,2010,1.03,0.66,1.54,3.83,3.1,4.71,4.1200212,2.3375783,7.261607,
Nunavut,62,"Dementia, including Alzheimer's disease",65+,Both sexes,2011,1.15,0.88,1.49,4.44,3.9,5.03,3.808336,2.5050326,5.7897144,
Nunavut,62,"Dementia, including Alzheimer's disease",65+,Females,2011,1.18,0.81,1.68,4.82,4.05,5.69,2.0574852,1.2773878,3.3139859,
Nunavut,62,"Dementia, including Alzheimer's disease",65+,Males,2011,1.08,0.72,1.57,3.96,3.23,4.81,4.3338746,2.6356412,7.1263377,
Nunavut,62,"Dementia, including Alzheimer's disease",65+,Both sexes,2012,1.07,0.82,1.39,4.44,3.91,5.02,5.2910819,3.6559816,7.657464,
Nunavut,62,"Dementia, including Alzheimer's disease",65+,Females,2012,0.95,0.63,1.38,4.61,3.88,5.44,8.3629721,4.3068405,16.2391207,
Nunavut,62,"Dementia, including Alzheimer's disease",65+,Males,2012,1.21,0.82,1.73,4.23,3.49,5.09,4.0247824,2.5102198,6.4531691,
Nunavut,62,"Dementia, including Alzheimer's disease",65+,Both sexes,2013,1.07,0.82,1.37,4.22,3.72,4.77,3.0073336,2.0033369,4.5144954,
Nunavut,62,"Dementia, including Alzheimer's disease",65+,Females,2013,1.09,0.75,1.54,4.44,3.74,5.24,2.2779993,1.3506166,3.842157,
Nunavut,62,"Dementia, including Alzheimer's disease",65+,Males,2013,1.04,0.7,1.51,3.94,3.26,4.74,3.2289699,1.942621,5.367103,
Northwest Territories,61,"Dementia, including Alzheimer's disease",65+,Both sexes,2002,0,0,0,0,0,0,2.3142991,1.401431,3.8217938,
Northwest Territories,61,"Dementia, including Alzheimer's disease",65+,Females,2002,0,0,0,0,0,0,1.988209,1.0480372,3.7717886,
Northwest Territories,61,"Dementia, including Alzheimer's disease",65+,Males,2002,0,0,0,0,0,0,0,0,0,
Northwest Territories,61,"Dementia, including Alzheimer's disease",65+,Both sexes,2003,0,0,0,0,0,0,3.4966746,1.8419419,6.6379584,
Northwest Territories,61,"Dementia, including Alzheimer's disease",65+,Females,2003,0,0,0,0,0,0,2.0401092,1.0974576,3.7924431,
Northwest Territories,61,"Dementia, including Alzheimer's disease",65+,Males,2003,0,0,0,0,0,0,0,0,0,
Northwest Territories,61,"Dementia, including Alzheimer's disease",65+,Both sexes,2004,0,0,0,0,0,0,2.6062266,1.5284923,4.4438674,
Northwest Territories,61,"Dementia, including Alzheimer's disease",65+,Females,2004,0,0,0,0,0,0,2.8110296,1.4142383,5.5873804,
Northwest Territories,61,"Dementia, including Alzheimer's disease",65+,Males,2004,0,0,0,0,0,0,0,0,0,
Northwest Territories,61,"Dementia, including Alzheimer's disease",65+,Both sexes,2005,1.64,1.26,2.1,3.44,2.9,4.07,2.0455796,1.2758034,3.2798126,
Northwest Territories,61,"Dementia, including Alzheimer's disease",65+,Females,2005,1.55,1.06,2.19,3.83,3.05,4.75,0,0,0,
Northwest Territories,61,"Dementia, including Alzheimer's disease",65+,Males,2005,1.78,1.21,2.54,3.05,2.31,3.96,2.6204021,1.3981008,4.9113106,
Northwest Territories,61,"Dementia, including Alzheimer's disease",65+,Both sexes,2006,1.22,0.9,1.61,4,3.42,4.65,1.5385176,1.0152053,2.3315839,
Northwest Territories,61,"Dementia, including Alzheimer's disease",65+,Females,2006,1.3,0.86,1.89,4.53,3.7,5.51,1.8459087,1.0107062,3.3712852,
Northwest Territories,61,"Dementia, including Alzheimer's disease",65+,Males,2006,1.12,0.71,1.72,3.42,2.66,4.35,1.3899189,0.7801985,2.4761321,
Northwest Territories,61,"Dementia, including Alzheimer's disease",65+,Both sexes,2007,0.91,0.64,1.25,4.09,3.52,4.74,2.5498416,1.4308194,4.544034,
Northwest Territories,61,"Dementia, including Alzheimer's disease",65+,Females,2007,0.9,0.55,1.41,4.47,3.66,5.42,0,0,0,
Northwest Territories,61,"Dementia, including Alzheimer's disease",65+,Males,2007,0.89,0.53,1.43,3.63,2.85,4.57,1.5386637,0.8453119,2.8007248,
Northwest Territories,61,"Dementia, including Alzheimer's disease",65+,Both sexes,2008,0.95,0.68,1.29,4.17,3.6,4.8,0,0,0,
Northwest Territories,61,"Dementia, including Alzheimer's disease",65+,Females,2008,0.92,0.57,1.4,4.37,3.59,5.28,1.6405908,0.8335585,3.2289732,
Northwest Territories,61,"Dementia, including Alzheimer's disease",65+,Males,2008,1.01,0.61,1.58,3.94,3.14,4.89,0,0,0,
Northwest Territories,61,"Dementia, including Alzheimer's disease",65+,Both sexes,2009,0.73,0.51,1.02,3.96,3.43,4.56,1.8526078,1.2734229,2.6952207,
Northwest Territories,61,"Dementia, including Alzheimer's disease",65+,Females,2009,0.67,0.39,1.08,4.19,3.44,5.06,1.4095224,0.7604052,2.612756,
Northwest Territories,61,"Dementia, including Alzheimer's disease",65+,Males,2009,0.81,0.48,1.3,3.71,2.97,4.6,2.3445847,1.4542047,3.7801263,
Northwest Territories,61,"Dementia, including Alzheimer's disease",65+,Both sexes,2010,1.15,0.87,1.5,4.33,3.78,4.93,3.7883461,2.4289139,5.9086352,
Northwest Territories,61,"Dementia, including Alzheimer's disease",65+,Females,2010,1.27,0.87,1.79,4.77,3.99,5.67,3.1605683,1.7672643,5.6523474,
Northwest Territories,61,"Dementia, including Alzheimer's disease",65+,Males,2010,1.03,0.66,1.54,3.83,3.1,4.71,4.1200212,2.3375783,7.261607,
Northwest Territories,61,"Dementia, including Alzheimer's disease",65+,Both sexes,2011,1.15,0.88,1.49,4.44,3.9,5.03,3.808336,2.5050326,5.7897144,
Northwest Territories,61,"Dementia, including Alzheimer's disease",65+,Females,2011,1.18,0.81,1.68,4.82,4.05,5.69,2.0574852,1.2773878,3.3139859,
Northwest Territories,61,"Dementia, including Alzheimer's disease",65+,Males,2011,1.08,0.72,1.57,3.96,3.23,4.81,4.3338746,2.6356412,7.1263377,
Northwest Territories,61,"Dementia, including Alzheimer's disease",65+,Both sexes,2012,1.07,0.82,1.39,4.44,3.91,5.02,5.2910819,3.6559816,7.657464,
Northwest Territories,61,"Dementia, including Alzheimer's disease",65+,Females,2012,0.95,0.63,1.38,4.61,3.88,5.44,8.3629721,4.3068405,16.2391207,
Northwest Territories,61,"Dementia, including Alzheimer's disease",65+,Males,2012,1.21,0.82,1.73,4.23,3.49,5.09,4.0247824,2.5102198,6.4531691,
Northwest Territories,61,"Dementia, including Alzheimer's disease",65+,Both sexes,2013,1.07,0.82,1.37,4.22,3.72,4.77,3.0073336,2.0033369,4.5144954,
Northwest Territories,61,"Dementia, including Alzheimer's disease",65+,Females,2013,1.09,0.75,1.54,4.44,3.74,5.24,2.2779993,1.3506166,3.842157,
Northwest Territories,61,"Dementia, including Alzheimer's disease",65+,Males,2013,1.04,0.7,1.51,3.94,3.26,4.74,3.2289699,1.942621,5.367103,
Yukon,60,"Dementia, including Alzheimer's disease",65+,Both sexes,2002,0,0,0,0,0,0,2.3142991,1.401431,3.8217938,
Yukon,60,"Dementia, including Alzheimer's disease",65+,Females,2002,0,0,0,0,0,0,1.988209,1.0480372,3.7717886,
Yukon,60,"Dementia, including Alzheimer's disease",65+,Males,2002,0,0,0,0,0,0,0,0,0,
Yukon,60,"Dementia, including Alzheimer's disease",65+,Both sexes,2003,0,0,0,0,0,0,3.4966746,1.8419419,6.6379584,
Yukon,60,"Dementia, including Alzheimer's disease",65+,Females,2003,0,0,0,0,0,0,2.0401092,1.0974576,3.7924431,
Yukon,60,"Dementia, including Alzheimer's disease",65+,Males,2003,0,0,0,0,0,0,0,0,0,
Yukon,60,"Dementia, including Alzheimer's disease",65+,Both sexes,2004,0,0,0,0,0,0,2.6062266,1.5284923,4.4438674,
Yukon,60,"Dementia, including Alzheimer's disease",65+,Females,2004,0,0,0,0,0,0,2.8110296,1.4142383,5.5873804,
Yukon,60,"Dementia, including Alzheimer's disease",65+,Males,2004,0,0,0,0,0,0,0,0,0,
Yukon,60,"Dementia, including Alzheimer's disease",65+,Both sexes,2005,1.64,1.26,2.1,3.44,2.9,4.07,2.0455796,1.2758034,3.2798126,
Yukon,60,"Dementia, including Alzheimer's disease",65+,Females,2005,1.55,1.06,2.19,3.83,3.05,4.75,0,0,0,
Yukon,60,"Dementia, including Alzheimer's disease",65+,Males,2005,1.78,1.21,2.54,3.05,2.31,3.96,2.6204021,1.3981008,4.9113106,
Yukon,60,"Dementia, including Alzheimer's disease",65+,Both sexes,2006,1.22,0.9,1.61,4,3.42,4.65,1.5385176,1.0152053,2.3315839,
Yukon,60,"Dementia, including Alzheimer's disease",65+,Females,2006,1.3,0.86,1.89,4.53,3.7,5.51,1.8459087,1.0107062,3.3712852,
Yukon,60,"Dementia, including Alzheimer's disease",65+,Males,2006,1.12,0.71,1.72,3.42,2.66,4.35,1.3899189,0.7801985,2.4761321,
Yukon,60,"Dementia, including Alzheimer's disease",65+,Both sexes,2007,0.91,0.64,1.25,4.09,3.52,4.74,2.5498416,1.4308194,4.544034,
Yukon,60,"Dementia, including Alzheimer's disease",65+,Females,2007,0.9,0.55,1.41,4.47,3.66,5.42,0,0,0,
Yukon,60,"Dementia, including Alzheimer's disease",65+,Males,2007,0.89,0.53,1.43,3.63,2.85,4.57,1.5386637,0.8453119,2.8007248,
Yukon,60,"Dementia, including Alzheimer's disease",65+,Both sexes,2008,0.95,0.68,1.29,4.17,3.6,4.8,0,0,0,
Yukon,60,"Dementia, including Alzheimer's disease",65+,Females,2008,0.92,0.57,1.4,4.37,3.59,5.28,1.6405908,0.8335585,3.2289732,
Yukon,60,"Dementia, including Alzheimer's disease",65+,Males,2008,1.01,0.61,1.58,3.94,3.14,4.89,0,0,0,
Yukon,60,"Dementia, including Alzheimer's disease",65+,Both sexes,2009,0.73,0.51,1.02,3.96,3.43,4.56,1.8526078,1.2734229,2.6952207,
Yukon,60,"Dementia, including Alzheimer's disease",65+,Females,2009,0.67,0.39,1.08,4.19,3.44,5.06,1.4095224,0.7604052,2.612756,
Yukon,60,"Dementia, including Alzheimer's disease",65+,Males,2009,0.81,0.48,1.3,3.71,2.97,4.6,2.3445847,1.4542047,3.7801263,
Yukon,60,"Dementia, including Alzheimer's disease",65+,Both sexes,2010,1.15,0.87,1.5,4.33,3.78,4.93,3.7883461,2.4289139,5.9086352,
Yukon,60,"Dementia, including Alzheimer's disease",65+,Females,2010,1.27,0.87,1.79,4.77,3.99,5.67,3.1605683,1.7672643,5.6523474,
Yukon,60,"Dementia, including Alzheimer's disease",65+,Males,2010,1.03,0.66,1.54,3.83,3.1,4.71,4.1200212,2.3375783,7.261607,
Yukon,60,"Dementia, including Alzheimer's disease",65+,Both sexes,2011,1.15,0.88,1.49,4.44,3.9,5.03,3.808336,2.5050326,5.7897144,
Yukon,60,"Dementia, including Alzheimer's disease",65+,Females,2011,1.18,0.81,1.68,4.82,4.05,5.69,2.0574852,1.2773878,3.3139859,
Yukon,60,"Dementia, including Alzheimer's disease",65+,Males,2011,1.08,0.72,1.57,3.96,3.23,4.81,4.3338746,2.6356412,7.1263377,
Yukon,60,"Dementia, including Alzheimer's disease",65+,Both sexes,2012,1.07,0.82,1.39,4.44,3.91,5.02,5.2910819,3.6559816,7.657464,
Yukon,60,"Dementia, including Alzheimer's disease",65+,Females,2012,0.95,0.63,1.38,4.61,3.88,5.44,8.3629721,4.3068405,16.2391207,
Yukon,60,"Dementia, including Alzheimer's disease",65+,Males,2012,1.21,0.82,1.73,4.23,3.49,5.09,4.0247824,2.5102198,6.4531691,
Yukon,60,"Dementia, including Alzheimer's disease",65+,Both sexes,2013,1.07,0.82,1.37,4.22,3.72,4.77,3.0073336,2.0033369,4.5144954,
Yukon,60,"Dementia, including Alzheimer's disease",65+,Females,2013,1.09,0.75,1.54,4.44,3.74,5.24,2.2779993,1.3506166,3.842157,
Yukon,60,"Dementia, including Alzheimer's disease",65+,Males,2013,1.04,0.7,1.51,3.94,3.26,4.74,3.2289699,1.942621,5.367103,
Newfoundland and Labrador (NL),10,"Dementia, including Alzheimer's disease",65+,Both sexes,2002,1.09,1.01,1.18,3.63,3.48,3.79,4.3923186,3.7707483,5.1163486,
Newfoundland and Labrador (NL),10,"Dementia, including Alzheimer's disease",65+,Females,2002,1.08,0.97,1.2,3.92,3.72,4.13,4.0849993,3.2199512,5.1824449,
Newfoundland and Labrador (NL),10,"Dementia, including Alzheimer's disease",65+,Males,2002,1.09,0.96,1.24,3.18,2.95,3.41,4.5126321,3.7325972,5.4556779,
Newfoundland and Labrador (NL),10,"Dementia, including Alzheimer's disease",65+,Both sexes,2003,0.93,0.85,1.01,3.55,3.4,3.7,4.254473,3.6045084,5.0216391,
Newfoundland and Labrador (NL),10,"Dementia, including Alzheimer's disease",65+,Females,2003,0.99,0.89,1.1,3.91,3.71,4.12,4.8672693,3.8271572,6.1900544,
Newfoundland and Labrador (NL),10,"Dementia, including Alzheimer's disease",65+,Males,2003,0.85,0.73,0.97,3,2.78,3.22,3.7488097,2.9956819,4.6912772,
Newfoundland and Labrador (NL),10,"Dementia, including Alzheimer's disease",65+,Both sexes,2004,0.98,0.91,1.07,3.57,3.42,3.72,4.0425296,3.422549,4.7748171,
Newfoundland and Labrador (NL),10,"Dementia, including Alzheimer's disease",65+,Females,2004,1.01,0.91,1.12,3.88,3.68,4.08,4.245466,3.2752307,5.5031183,
Newfoundland and Labrador (NL),10,"Dementia, including Alzheimer's disease",65+,Males,2004,0.93,0.81,1.06,3.07,2.85,3.29,3.8388297,3.1106208,4.7375153,
Newfoundland and Labrador (NL),10,"Dementia, including Alzheimer's disease",65+,Both sexes,2005,0.84,0.77,0.92,3.44,3.3,3.59,3.7252541,3.1620339,4.3887949,
Newfoundland and Labrador (NL),10,"Dementia, including Alzheimer's disease",65+,Females,2005,0.93,0.84,1.04,3.84,3.64,4.04,3.6713098,2.9356001,4.5914003,
Newfoundland and Labrador (NL),10,"Dementia, including Alzheimer's disease",65+,Males,2005,0.7,0.6,0.81,2.81,2.6,3.02,3.6329785,2.9060442,4.5417523,
Newfoundland and Labrador (NL),10,"Dementia, including Alzheimer's disease",65+,Both sexes,2006,1.01,0.94,1.1,3.54,3.39,3.68,3.9233121,3.3754607,4.560082,
Newfoundland and Labrador (NL),10,"Dementia, including Alzheimer's disease",65+,Females,2006,1.03,0.93,1.14,3.89,3.69,4.09,3.7724162,3.0738341,4.6297633,
Newfoundland and Labrador (NL),10,"Dementia, including Alzheimer's disease",65+,Males,2006,0.98,0.86,1.11,2.98,2.78,3.21,3.9375781,3.2024724,4.8414223,
Newfoundland and Labrador (NL),10,"Dementia, including Alzheimer's disease",65+,Both sexes,2007,1.04,0.96,1.12,3.57,3.43,3.72,4.4306157,3.8020052,5.1631584,
Newfoundland and Labrador (NL),10,"Dementia, including Alzheimer's disease",65+,Females,2007,1.12,1.01,1.23,3.95,3.76,4.15,4.9737614,3.9944156,6.193222,
Newfoundland and Labrador (NL),10,"Dementia, including Alzheimer's disease",65+,Males,2007,0.93,0.81,1.06,2.98,2.77,3.2,3.9816335,3.2250208,4.915753,
Newfoundland and Labrador (NL),10,"Dementia, including Alzheimer's disease",65+,Both sexes,2008,0.96,0.89,1.03,3.17,3.05,3.3,4.7242737,4.0430048,5.5203403,
Newfoundland and Labrador (NL),10,"Dementia, including Alzheimer's disease",65+,Females,2008,1,0.91,1.1,3.51,3.34,3.69,5.2748025,4.2106692,6.607867,
Newfoundland and Labrador (NL),10,"Dementia, including Alzheimer's disease",65+,Males,2008,0.91,0.8,1.02,2.65,2.47,2.84,4.2420699,3.4280812,5.2493381,
Newfoundland and Labrador (NL),10,"Dementia, including Alzheimer's disease",65+,Both sexes,2009,1.03,0.96,1.11,3.3,3.17,3.43,4.7341069,4.0600687,5.5200466,
Newfoundland and Labrador (NL),10,"Dementia, including Alzheimer's disease",65+,Females,2009,1.06,0.97,1.16,3.61,3.44,3.79,4.791585,3.7650998,6.0979223,
Newfoundland and Labrador (NL),10,"Dementia, including Alzheimer's disease",65+,Males,2009,0.98,0.87,1.1,2.82,2.64,3.01,4.750299,3.9053033,5.7781275,
Newfoundland and Labrador (NL),10,"Dementia, including Alzheimer's disease",65+,Both sexes,2010,0.96,0.89,1.03,3.36,3.23,3.49,5.23673,4.4716796,6.1326714,
Newfoundland and Labrador (NL),10,"Dementia, including Alzheimer's disease",65+,Females,2010,1.01,0.92,1.11,3.71,3.54,3.89,5.5641824,4.3890453,7.0539546,
Newfoundland and Labrador (NL),10,"Dementia, including Alzheimer's disease",65+,Males,2010,0.88,0.78,0.99,2.83,2.65,3.02,5.0474154,4.1074037,6.2025562,
Newfoundland and Labrador (NL),10,"Dementia, including Alzheimer's disease",65+,Both sexes,2011,0.9,0.83,0.97,3.29,3.16,3.41,4.4897333,3.8717694,5.206329,
Newfoundland and Labrador (NL),10,"Dementia, including Alzheimer's disease",65+,Females,2011,0.97,0.88,1.06,3.69,3.52,3.86,4.3207999,3.5340341,5.2827198,
Newfoundland and Labrador (NL),10,"Dementia, including Alzheimer's disease",65+,Males,2011,0.81,0.72,0.92,2.71,2.54,2.89,4.7407372,3.831243,5.8661351,
Newfoundland and Labrador (NL),10,"Dementia, including Alzheimer's disease",65+,Both sexes,2012,0.99,0.93,1.06,3.41,3.29,3.54,5.0284117,4.355078,5.8058488,
Newfoundland and Labrador (NL),10,"Dementia, including Alzheimer's disease",65+,Females,2012,1.06,0.97,1.16,3.84,3.67,4.01,5.1719378,4.239617,6.3092824,
Newfoundland and Labrador (NL),10,"Dementia, including Alzheimer's disease",65+,Males,2012,0.9,0.8,1,2.81,2.63,2.99,5.0682833,4.1262608,6.2253689,
Newfoundland and Labrador (NL),10,"Dementia, including Alzheimer's disease",65+,Both sexes,2013,0.97,0.91,1.04,3.43,3.31,3.56,4.8554859,4.189217,5.6277207,
Newfoundland and Labrador (NL),10,"Dementia, including Alzheimer's disease",65+,Females,2013,1.09,1,1.19,3.93,3.76,4.11,5.4624213,4.4369746,6.7248631,
Newfoundland and Labrador (NL),10,"Dementia, including Alzheimer's disease",65+,Males,2013,0.8,0.71,0.9,2.71,2.54,2.88,4.4092957,3.5851563,5.4228846,
Prince Edward Island (PE),11,"Dementia, including Alzheimer's disease",65+,Both sexes,2002,1.37,1.21,1.55,3.84,3.58,4.11,4.8358891,3.3603244,6.9593945,
Prince Edward Island (PE),11,"Dementia, including Alzheimer's disease",65+,Females,2002,1.32,1.12,1.54,4.11,3.77,4.47,0,0,0,
Prince Edward Island (PE),11,"Dementia, including Alzheimer's disease",65+,Males,2002,1.43,1.17,1.73,3.26,2.88,3.69,3.885197,2.5313946,5.9630197,
Prince Edward Island (PE),11,"Dementia, including Alzheimer's disease",65+,Both sexes,2003,1.27,1.12,1.44,4.17,3.9,4.45,3.4072603,2.6395448,4.3982669,
Prince Edward Island (PE),11,"Dementia, including Alzheimer's disease",65+,Females,2003,1.35,1.15,1.58,4.47,4.11,4.85,3.5679861,2.5201106,5.051574,
Prince Edward Island (PE),11,"Dementia, including Alzheimer's disease",65+,Males,2003,1.15,0.93,1.43,3.61,3.2,4.05,3.3043511,2.3109215,4.7248408,
Prince Edward Island (PE),11,"Dementia, including Alzheimer's disease",65+,Both sexes,2004,1.06,0.92,1.21,4.17,3.9,4.46,3.7920383,2.9068184,4.9468361,
Prince Edward Island (PE),11,"Dementia, including Alzheimer's disease",65+,Females,2004,1.04,0.87,1.25,4.47,4.11,4.85,3.7429372,2.5905049,5.4080495,
Prince Edward Island (PE),11,"Dementia, including Alzheimer's disease",65+,Males,2004,1.15,0.92,1.43,3.67,3.26,4.12,3.8731601,2.6325071,5.6985104,
Prince Edward Island (PE),11,"Dementia, including Alzheimer's disease",65+,Both sexes,2005,1.42,1.26,1.6,4.49,4.21,4.78,4.8973559,3.4798256,6.8923268,
Prince Edward Island (PE),11,"Dementia, including Alzheimer's disease",65+,Females,2005,1.49,1.28,1.72,4.85,4.49,5.25,6.1791726,4.0055587,9.5322967,
Prince Edward Island (PE),11,"Dementia, including Alzheimer's disease",65+,Males,2005,1.31,1.07,1.59,3.9,3.48,4.35,3.4512624,1.9760515,6.0277843,
Prince Edward Island (PE),11,"Dementia, including Alzheimer's disease",65+,Both sexes,2006,1.43,1.27,1.6,4.85,4.57,5.15,3.5018942,2.6042225,4.7089919,
Prince Edward Island (PE),11,"Dementia, including Alzheimer's disease",65+,Females,2006,1.41,1.21,1.63,5.08,4.71,5.48,3.2849633,2.4386029,4.425068,
Prince Edward Island (PE),11,"Dementia, including Alzheimer's disease",65+,Males,2006,1.45,1.19,1.74,4.44,3.99,4.92,3.6918644,2.3762146,5.7359563,
Prince Edward Island (PE),11,"Dementia, including Alzheimer's disease",65+,Both sexes,2007,1.44,1.28,1.61,5.13,4.84,5.43,3.6862707,2.7185679,4.9984376,
Prince Edward Island (PE),11,"Dementia, including Alzheimer's disease",65+,Females,2007,1.44,1.24,1.67,5.39,5.01,5.79,4.3713146,2.8433691,6.7203344,
Prince Edward Island (PE),11,"Dementia, including Alzheimer's disease",65+,Males,2007,1.43,1.18,1.72,4.65,4.2,5.13,3.0701977,1.9977636,4.7183331,
Prince Edward Island (PE),11,"Dementia, including Alzheimer's disease",65+,Both sexes,2008,1.56,1.4,1.74,5.52,5.22,5.83,3.7972242,2.8376993,5.0811977,
Prince Edward Island (PE),11,"Dementia, including Alzheimer's disease",65+,Females,2008,1.54,1.34,1.78,5.69,5.31,6.1,4.6978275,3.1143133,7.0865008,
Prince Edward Island (PE),11,"Dementia, including Alzheimer's disease",65+,Males,2008,1.59,1.33,1.9,5.17,4.71,5.67,2.9419564,2.1820825,3.9664436,
Prince Edward Island (PE),11,"Dementia, including Alzheimer's disease",65+,Both sexes,2009,2.31,2.11,2.52,6.54,6.22,6.88,2.8098803,2.1031591,3.75408,
Prince Edward Island (PE),11,"Dementia, including Alzheimer's disease",65+,Females,2009,2.33,2.08,2.61,6.77,6.35,7.21,2.6358068,1.7592058,3.9492125,
Prince Edward Island (PE),11,"Dementia, including Alzheimer's disease",65+,Males,2009,2.24,1.93,2.59,6.09,5.59,6.62,2.8868423,1.923443,4.3327818,
Prince Edward Island (PE),11,"Dementia, including Alzheimer's disease",65+,Both sexes,2010,1.74,1.56,1.92,6.97,6.65,7.31,3.1801143,2.5414252,3.9793132,
Prince Edward Island (PE),11,"Dementia, including Alzheimer's disease",65+,Females,2010,1.91,1.68,2.17,7.37,6.94,7.82,3.590696,2.733005,4.7175535,
Prince Edward Island (PE),11,"Dementia, including Alzheimer's disease",65+,Males,2010,1.47,1.22,1.75,6.31,5.81,6.84,2.8829652,2.013979,4.1268991,
Prince Edward Island (PE),11,"Dementia, including Alzheimer's disease",65+,Both sexes,2011,1.61,1.45,1.79,7.01,6.69,7.34,3.9214643,3.1223927,4.9250314,
Prince Edward Island (PE),11,"Dementia, including Alzheimer's disease",65+,Females,2011,1.77,1.55,2.02,7.52,7.09,7.98,4.4608824,3.1573822,6.3025224,
Prince Edward Island (PE),11,"Dementia, including Alzheimer's disease",65+,Males,2011,1.42,1.18,1.69,6.25,5.77,6.76,3.5064178,2.6448233,4.648691,
Prince Edward Island (PE),11,"Dementia, including Alzheimer's disease",65+,Both sexes,2012,1.5,1.35,1.67,6.93,6.61,7.25,5.0014927,4.0502289,6.1761766,
Prince Edward Island (PE),11,"Dementia, including Alzheimer's disease",65+,Females,2012,1.47,1.28,1.69,7.44,7.02,7.88,5.2102953,3.9061874,6.9497887,
Prince Edward Island (PE),11,"Dementia, including Alzheimer's disease",65+,Males,2012,1.55,1.3,1.82,6.17,5.7,6.67,4.8070778,3.5621851,6.4870288,
Prince Edward Island (PE),11,"Dementia, including Alzheimer's disease",65+,Both sexes,2013,1.51,1.35,1.67,6.72,6.41,7.03,3.6135442,2.9017057,4.5000091,
Prince Edward Island (PE),11,"Dementia, including Alzheimer's disease",65+,Females,2013,1.59,1.39,1.81,7.28,6.87,7.72,3.9031381,2.8908125,5.2699673,
Prince Edward Island (PE),11,"Dementia, including Alzheimer's disease",65+,Males,2013,1.39,1.16,1.65,5.88,5.43,6.36,3.3781865,2.4377503,4.6814244,
Nova Scotia (NS),12,"Dementia, including Alzheimer's disease",65+,Both sexes,2002,1.3,1.24,1.36,4.16,4.06,4.27,4.2308054,3.7600104,4.7605492,
Nova Scotia (NS),12,"Dementia, including Alzheimer's disease",65+,Females,2002,1.32,1.24,1.4,4.41,4.27,4.55,4.3437966,3.6379064,5.186656,
Nova Scotia (NS),12,"Dementia, including Alzheimer's disease",65+,Males,2002,1.27,1.18,1.38,3.73,3.57,3.89,4.0199743,3.4478787,4.6869959,
Nova Scotia (NS),12,"Dementia, including Alzheimer's disease",65+,Both sexes,2003,1.67,1.6,1.73,4.71,4.6,4.82,3.7093672,3.3012188,4.1679774,
Nova Scotia (NS),12,"Dementia, including Alzheimer's disease",65+,Females,2003,1.78,1.69,1.88,5.04,4.89,5.19,3.9820432,3.3341144,4.7558861,
Nova Scotia (NS),12,"Dementia, including Alzheimer's disease",65+,Males,2003,1.47,1.37,1.58,4.13,3.96,4.31,3.5008695,3.0127894,4.0680198,
Nova Scotia (NS),12,"Dementia, including Alzheimer's disease",65+,Both sexes,2004,1.62,1.56,1.69,5.18,5.07,5.3,3.8623077,3.4526003,4.3206337,
Nova Scotia (NS),12,"Dementia, including Alzheimer's disease",65+,Females,2004,1.75,1.66,1.84,5.61,5.45,5.77,3.8248824,3.2737154,4.4688444,
Nova Scotia (NS),12,"Dementia, including Alzheimer's disease",65+,Males,2004,1.44,1.34,1.55,4.48,4.31,4.66,3.9233007,3.367902,4.5702898,
Nova Scotia (NS),12,"Dementia, including Alzheimer's disease",65+,Both sexes,2005,1.47,1.41,1.54,5.4,5.28,5.52,3.6074582,3.2301808,4.0288006,
Nova Scotia (NS),12,"Dementia, including Alzheimer's disease",65+,Females,2005,1.55,1.47,1.64,5.88,5.72,6.04,3.7817566,3.2063709,4.4603958,
Nova Scotia (NS),12,"Dementia, including Alzheimer's disease",65+,Males,2005,1.35,1.25,1.45,4.61,4.44,4.79,3.507596,3.0396272,4.0476114,
Nova Scotia (NS),12,"Dementia, including Alzheimer's disease",65+,Both sexes,2006,1.51,1.44,1.57,5.68,5.56,5.8,3.3686279,3.0497792,3.7208117,
Nova Scotia (NS),12,"Dementia, including Alzheimer's disease",65+,Females,2006,1.58,1.49,1.67,6.19,6.03,6.35,3.5342827,3.0701725,4.0685512,
Nova Scotia (NS),12,"Dementia, including Alzheimer's disease",65+,Males,2006,1.4,1.3,1.5,4.84,4.66,5.02,3.3230645,2.9016657,3.8056616,
Nova Scotia (NS),12,"Dementia, including Alzheimer's disease",65+,Both sexes,2007,1.52,1.46,1.59,5.88,5.76,6,4.0820942,3.6742201,4.5352463,
Nova Scotia (NS),12,"Dementia, including Alzheimer's disease",65+,Females,2007,1.64,1.56,1.73,6.46,6.3,6.63,4.1434291,3.5660537,4.8142867,
Nova Scotia (NS),12,"Dementia, including Alzheimer's disease",65+,Males,2007,1.33,1.24,1.43,4.91,4.73,5.09,4.1067833,3.5601333,4.7373701,
Nova Scotia (NS),12,"Dementia, including Alzheimer's disease",65+,Both sexes,2008,1.55,1.49,1.62,6.04,5.92,6.17,3.6605273,3.3050462,4.0542428,
Nova Scotia (NS),12,"Dementia, including Alzheimer's disease",65+,Females,2008,1.67,1.58,1.76,6.69,6.53,6.86,4.1071695,3.5451804,4.7582462,
Nova Scotia (NS),12,"Dementia, including Alzheimer's disease",65+,Males,2008,1.37,1.27,1.47,4.96,4.79,5.14,3.3559699,2.9226875,3.8534854,
Nova Scotia (NS),12,"Dementia, including Alzheimer's disease",65+,Both sexes,2009,1.57,1.51,1.63,6.23,6.11,6.35,4.0759781,3.6866521,4.5064186,
Nova Scotia (NS),12,"Dementia, including Alzheimer's disease",65+,Females,2009,1.64,1.56,1.73,6.86,6.7,7.03,4.4609671,3.865462,5.1482145,
Nova Scotia (NS),12,"Dementia, including Alzheimer's disease",65+,Males,2009,1.47,1.37,1.57,5.21,5.03,5.39,3.8470558,3.3557265,4.410323,
Nova Scotia (NS),12,"Dementia, including Alzheimer's disease",65+,Both sexes,2010,1.56,1.5,1.62,6.34,6.22,6.46,3.6846676,3.3536768,4.0483255,
Nova Scotia (NS),12,"Dementia, including Alzheimer's disease",65+,Females,2010,1.61,1.52,1.69,6.95,6.78,7.11,3.8726796,3.3675873,4.4535289,
Nova Scotia (NS),12,"Dementia, including Alzheimer's disease",65+,Males,2010,1.48,1.39,1.58,5.34,5.17,5.52,3.5930525,3.1744045,4.0669129,
Nova Scotia (NS),12,"Dementia, including Alzheimer's disease",65+,Both sexes,2011,1.53,1.47,1.59,6.37,6.26,6.5,4.2414017,3.8552327,4.6662524,
Nova Scotia (NS),12,"Dementia, including Alzheimer's disease",65+,Females,2011,1.58,1.5,1.66,6.98,6.82,7.14,4.3226755,3.7809436,4.9420266,
Nova Scotia (NS),12,"Dementia, including Alzheimer's disease",65+,Males,2011,1.44,1.34,1.53,5.39,5.22,5.57,4.1671981,3.6568233,4.7488048,
Nova Scotia (NS),12,"Dementia, including Alzheimer's disease",65+,Both sexes,2012,1.5,1.44,1.56,6.35,6.23,6.47,4.3113074,3.9243034,4.7364766,
Nova Scotia (NS),12,"Dementia, including Alzheimer's disease",65+,Females,2012,1.62,1.54,1.71,7.01,6.85,7.17,4.0768984,3.558891,4.6703034,
Nova Scotia (NS),12,"Dementia, including Alzheimer's disease",65+,Males,2012,1.32,1.23,1.41,5.3,5.13,5.47,4.5120855,3.9790617,5.1165116,
Nova Scotia (NS),12,"Dementia, including Alzheimer's disease",65+,Both sexes,2013,1.37,1.32,1.43,6.23,6.12,6.35,4.1528512,3.7988917,4.5397906,
Nova Scotia (NS),12,"Dementia, including Alzheimer's disease",65+,Females,2013,1.47,1.4,1.55,6.92,6.76,7.08,4.2771724,3.7718922,4.8501396,
Nova Scotia (NS),12,"Dementia, including Alzheimer's disease",65+,Males,2013,1.22,1.14,1.31,5.15,4.98,5.32,4.1124832,3.6357635,4.6517101,
New Brunswick (NB),13,"Dementia, including Alzheimer's disease",65+,Both sexes,2002,1.26,1.19,1.33,4.35,4.23,4.48,4.1467281,3.5837818,4.798103,
New Brunswick (NB),13,"Dementia, including Alzheimer's disease",65+,Females,2002,1.29,1.2,1.38,4.68,4.52,4.85,4.87797,3.8971518,6.1056363,
New Brunswick (NB),13,"Dementia, including Alzheimer's disease",65+,Males,2002,1.21,1.11,1.33,3.8,3.62,4,3.591352,2.9966715,4.3040451,
New Brunswick (NB),13,"Dementia, including Alzheimer's disease",65+,Both sexes,2003,1.36,1.29,1.43,4.63,4.51,4.76,3.619431,3.1727785,4.1289616,
New Brunswick (NB),13,"Dementia, including Alzheimer's disease",65+,Females,2003,1.42,1.33,1.52,5.01,4.84,5.18,3.8577338,3.1648996,4.7022378,
New Brunswick (NB),13,"Dementia, including Alzheimer's disease",65+,Males,2003,1.25,1.14,1.37,4.02,3.83,4.21,3.5085784,2.9664538,4.1497771,
New Brunswick (NB),13,"Dementia, including Alzheimer's disease",65+,Both sexes,2004,1.17,1.1,1.23,4.68,4.56,4.81,3.9145818,3.4022084,4.5041187,
New Brunswick (NB),13,"Dementia, including Alzheimer's disease",65+,Females,2004,1.18,1.1,1.27,5.08,4.91,5.25,4.6712293,3.8193954,5.7130464,
New Brunswick (NB),13,"Dementia, including Alzheimer's disease",65+,Males,2004,1.16,1.06,1.27,4.04,3.85,4.23,3.3172464,2.7609744,3.9855944,
New Brunswick (NB),13,"Dementia, including Alzheimer's disease",65+,Both sexes,2005,1.12,1.05,1.18,4.64,4.52,4.76,3.6990067,3.2096346,4.2629932,
New Brunswick (NB),13,"Dementia, including Alzheimer's disease",65+,Females,2005,1.16,1.08,1.25,5.04,4.88,5.21,3.8928136,3.1988373,4.7373456,
New Brunswick (NB),13,"Dementia, including Alzheimer's disease",65+,Males,2005,1.06,0.96,1.16,4,3.81,4.19,3.5708778,2.9312262,4.350114,
New Brunswick (NB),13,"Dementia, including Alzheimer's disease",65+,Both sexes,2006,1.17,1.11,1.24,4.77,4.65,4.9,4.4461864,3.8804543,5.0943967,
New Brunswick (NB),13,"Dementia, including Alzheimer's disease",65+,Females,2006,1.2,1.12,1.29,5.17,5,5.34,4.0623437,3.3386515,4.9429048,
New Brunswick (NB),13,"Dementia, including Alzheimer's disease",65+,Males,2006,1.13,1.03,1.23,4.12,3.93,4.31,4.816647,4.0215461,5.7689476,
New Brunswick (NB),13,"Dementia, including Alzheimer's disease",65+,Both sexes,2007,1.23,1.17,1.3,4.82,4.7,4.95,3.9575558,3.4893955,4.4885276,
New Brunswick (NB),13,"Dementia, including Alzheimer's disease",65+,Females,2007,1.3,1.22,1.39,5.3,5.13,5.47,4.2314942,3.5289469,5.0739055,
New Brunswick (NB),13,"Dementia, including Alzheimer's disease",65+,Males,2007,1.13,1.03,1.23,4.07,3.89,4.26,3.7656275,3.1773777,4.462784,
New Brunswick (NB),13,"Dementia, including Alzheimer's disease",65+,Both sexes,2008,1.2,1.13,1.26,4.88,4.76,5,4.2839562,3.7476254,4.8970425,
New Brunswick (NB),13,"Dementia, including Alzheimer's disease",65+,Females,2008,1.24,1.16,1.32,5.33,5.17,5.5,5.216922,4.2899362,6.3442146,
New Brunswick (NB),13,"Dementia, including Alzheimer's disease",65+,Males,2008,1.14,1.04,1.24,4.16,3.98,4.35,3.6235164,3.0417822,4.3165061,
New Brunswick (NB),13,"Dementia, including Alzheimer's disease",65+,Both sexes,2009,1.2,1.14,1.27,4.92,4.8,5.05,3.8050101,3.3521975,4.3189883,
New Brunswick (NB),13,"Dementia, including Alzheimer's disease",65+,Females,2009,1.24,1.16,1.33,5.35,5.19,5.52,3.6563088,3.0200098,4.4266723,
New Brunswick (NB),13,"Dementia, including Alzheimer's disease",65+,Males,2009,1.12,1.02,1.22,4.21,4.03,4.4,3.9299921,3.3502399,4.6100694,
New Brunswick (NB),13,"Dementia, including Alzheimer's disease",65+,Both sexes,2010,1.31,1.24,1.38,5.06,4.93,5.18,3.6901189,3.2331255,4.211707,
New Brunswick (NB),13,"Dementia, including Alzheimer's disease",65+,Females,2010,1.34,1.26,1.43,5.49,5.33,5.66,3.7749688,3.1104265,4.5814905,
New Brunswick (NB),13,"Dementia, including Alzheimer's disease",65+,Males,2010,1.26,1.16,1.37,4.32,4.14,4.51,3.6561737,3.0707524,4.3532023,
New Brunswick (NB),13,"Dementia, including Alzheimer's disease",65+,Both sexes,2011,1.46,1.4,1.53,5.29,5.16,5.41,3.8784135,3.4267998,4.3895448,
New Brunswick (NB),13,"Dementia, including Alzheimer's disease",65+,Females,2011,1.54,1.45,1.64,5.77,5.6,5.94,4.5253476,3.6943454,5.5432746,
New Brunswick (NB),13,"Dementia, including Alzheimer's disease",65+,Males,2011,1.36,1.25,1.46,4.51,4.33,4.7,3.4886164,3.0030575,4.0526843,
New Brunswick (NB),13,"Dementia, including Alzheimer's disease",65+,Both sexes,2012,1.4,1.33,1.47,5.47,5.35,5.6,4.3707494,3.8852401,4.9169292,
New Brunswick (NB),13,"Dementia, including Alzheimer's disease",65+,Females,2012,1.47,1.39,1.57,5.99,5.82,6.16,4.4173845,3.7198133,5.2457703,
New Brunswick (NB),13,"Dementia, including Alzheimer's disease",65+,Males,2012,1.29,1.2,1.4,4.66,4.48,4.84,4.2368594,3.6220765,4.9559907,
New Brunswick (NB),13,"Dementia, including Alzheimer's disease",65+,Both sexes,2013,1.41,1.35,1.48,5.62,5.5,5.75,4.1995794,3.7576222,4.693518,
New Brunswick (NB),13,"Dementia, including Alzheimer's disease",65+,Females,2013,1.41,1.33,1.5,6.06,5.9,6.23,4.6177048,3.9106819,5.4525523,
New Brunswick (NB),13,"Dementia, including Alzheimer's disease",65+,Males,2013,1.41,1.31,1.52,4.93,4.75,5.12,3.8600577,3.3324135,4.4712476,
Quebec,24,"Dementia, including Alzheimer's disease",65+,Both sexes,2002,1.56,1.54,1.59,5.26,5.21,5.31,3.5287962,3.3867654,3.6767834,
Quebec,24,"Dementia, including Alzheimer's disease",65+,Females,2002,1.62,1.59,1.66,5.67,5.61,5.73,3.6911244,3.4789214,3.9162712,
Quebec,24,"Dementia, including Alzheimer's disease",65+,Males,2002,1.46,1.41,1.5,4.5,4.43,4.57,3.4051861,3.2235751,3.5970288,
Quebec,24,"Dementia, including Alzheimer's disease",65+,Both sexes,2003,1.55,1.52,1.57,5.58,5.53,5.62,3.5895564,3.4454799,3.7396577,
Quebec,24,"Dementia, including Alzheimer's disease",65+,Females,2003,1.6,1.56,1.63,6.01,5.95,6.07,3.6723496,3.4612531,3.8963206,
Quebec,24,"Dementia, including Alzheimer's disease",65+,Males,2003,1.46,1.42,1.5,4.78,4.71,4.85,3.5320907,3.3431369,3.7317242,
Quebec,24,"Dementia, including Alzheimer's disease",65+,Both sexes,2004,1.55,1.52,1.57,5.83,5.78,5.87,3.6196969,3.4747724,3.7706658,
Quebec,24,"Dementia, including Alzheimer's disease",65+,Females,2004,1.59,1.56,1.62,6.28,6.22,6.34,3.6380726,3.4354706,3.8526229,
Quebec,24,"Dementia, including Alzheimer's disease",65+,Males,2004,1.47,1.43,1.51,5.01,4.94,5.08,3.6160507,3.4200382,3.8232972,
Quebec,24,"Dementia, including Alzheimer's disease",65+,Both sexes,2005,1.52,1.5,1.55,6.01,5.97,6.06,3.4903591,3.3501809,3.6364026,
Quebec,24,"Dementia, including Alzheimer's disease",65+,Females,2005,1.58,1.55,1.61,6.5,6.44,6.57,3.6283417,3.4239651,3.8449176,
Quebec,24,"Dementia, including Alzheimer's disease",65+,Males,2005,1.43,1.39,1.47,5.15,5.07,5.22,3.3870838,3.2022388,3.5825987,
Quebec,24,"Dementia, including Alzheimer's disease",65+,Both sexes,2006,1.69,1.66,1.72,6.37,6.32,6.41,3.7845637,3.6379246,3.9371136,
Quebec,24,"Dementia, including Alzheimer's disease",65+,Females,2006,1.73,1.69,1.76,6.86,6.79,6.92,3.8695978,3.6566538,4.0949425,
Quebec,24,"Dementia, including Alzheimer's disease",65+,Males,2006,1.63,1.59,1.67,5.52,5.45,5.59,3.7192013,3.5265752,3.922349,
Quebec,24,"Dementia, including Alzheimer's disease",65+,Both sexes,2007,1.67,1.64,1.69,6.57,6.52,6.62,3.8279747,3.6823175,3.9793935,
Quebec,24,"Dementia, including Alzheimer's disease",65+,Females,2007,1.72,1.68,1.75,7.08,7.02,7.14,4.0893901,3.8666012,4.3250159,
Quebec,24,"Dementia, including Alzheimer's disease",65+,Males,2007,1.58,1.54,1.62,5.69,5.62,5.76,3.5936891,3.4119302,3.7851307,
Quebec,24,"Dementia, including Alzheimer's disease",65+,Both sexes,2008,1.67,1.65,1.7,6.77,6.72,6.82,3.8143994,3.674976,3.9591122,
Quebec,24,"Dementia, including Alzheimer's disease",65+,Females,2008,1.75,1.71,1.78,7.3,7.24,7.36,3.9576501,3.7501724,4.1766065,
Quebec,24,"Dementia, including Alzheimer's disease",65+,Males,2008,1.55,1.52,1.59,5.86,5.79,5.93,3.6932478,3.5132727,3.8824425,
Quebec,24,"Dementia, including Alzheimer's disease",65+,Both sexes,2009,1.7,1.68,1.73,6.94,6.89,6.98,3.8266632,3.6875656,3.9710076,
Quebec,24,"Dementia, including Alzheimer's disease",65+,Females,2009,1.79,1.76,1.83,7.51,7.45,7.57,4.0519169,3.8438559,4.2712399,
Quebec,24,"Dementia, including Alzheimer's disease",65+,Males,2009,1.55,1.51,1.59,5.96,5.89,6.03,3.6434595,3.4638975,3.8323296,
Quebec,24,"Dementia, including Alzheimer's disease",65+,Both sexes,2010,1.66,1.64,1.69,7.05,7.01,7.1,3.8318442,3.6976696,3.9708876,
Quebec,24,"Dementia, including Alzheimer's disease",65+,Females,2010,1.77,1.74,1.8,7.67,7.61,7.73,3.8805136,3.6892741,4.0816663,
Quebec,24,"Dementia, including Alzheimer's disease",65+,Males,2010,1.49,1.46,1.53,6.02,5.95,6.09,3.8089545,3.6271627,3.9998575,
Quebec,24,"Dementia, including Alzheimer's disease",65+,Both sexes,2011,1.68,1.66,1.71,7.13,7.09,7.18,3.8683589,3.7330818,4.0085381,
Quebec,24,"Dementia, including Alzheimer's disease",65+,Females,2011,1.76,1.73,1.79,7.76,7.69,7.82,4.0186803,3.818851,4.2289661,
Quebec,24,"Dementia, including Alzheimer's disease",65+,Males,2011,1.57,1.53,1.6,6.1,6.03,6.16,3.7709076,3.5924712,3.9582067,
Quebec,24,"Dementia, including Alzheimer's disease",65+,Both sexes,2012,1.62,1.6,1.65,7.18,7.14,7.23,3.8296219,3.6998888,3.963904,
Quebec,24,"Dementia, including Alzheimer's disease",65+,Females,2012,1.68,1.65,1.71,7.81,7.75,7.87,3.9349179,3.7453535,4.1340769,
Quebec,24,"Dementia, including Alzheimer's disease",65+,Males,2012,1.53,1.5,1.57,6.16,6.09,6.23,3.7743066,3.6013886,3.9555271,
Quebec,24,"Dementia, including Alzheimer's disease",65+,Both sexes,2013,1.61,1.59,1.64,7.22,7.18,7.26,3.9181937,3.7846478,4.0564518,
Quebec,24,"Dementia, including Alzheimer's disease",65+,Females,2013,1.68,1.65,1.71,7.85,7.79,7.91,3.9905948,3.7988281,4.1920419,
Quebec,24,"Dementia, including Alzheimer's disease",65+,Males,2013,1.51,1.48,1.54,6.2,6.13,6.26,3.8687696,3.6892162,4.0570619,
Ontario,35,"Dementia, including Alzheimer's disease",65+,Both sexes,2002,1.77,1.75,1.79,6,5.96,6.04,3.9600125,3.8423065,4.0813243,
Ontario,35,"Dementia, including Alzheimer's disease",65+,Females,2002,1.86,1.83,1.88,6.56,6.51,6.62,4.0736017,3.8962636,4.2590113,
Ontario,35,"Dementia, including Alzheimer's disease",65+,Males,2002,1.62,1.59,1.65,5.05,4.99,5.1,3.9090112,3.7562095,4.0680288,
Ontario,35,"Dementia, including Alzheimer's disease",65+,Both sexes,2003,1.71,1.69,1.73,6.3,6.26,6.33,3.9208657,3.8047417,4.040534,
Ontario,35,"Dementia, including Alzheimer's disease",65+,Females,2003,1.79,1.77,1.82,6.87,6.82,6.92,4.1295029,3.9489336,4.3183291,
Ontario,35,"Dementia, including Alzheimer's disease",65+,Males,2003,1.58,1.55,1.61,5.34,5.29,5.4,3.7903694,3.643693,3.9429504,
Ontario,35,"Dementia, including Alzheimer's disease",65+,Both sexes,2004,1.68,1.66,1.7,6.55,6.51,6.59,3.9265748,3.8130563,4.0434729,
Ontario,35,"Dementia, including Alzheimer's disease",65+,Females,2004,1.76,1.73,1.79,7.13,7.07,7.18,4.068472,3.8958282,4.2487665,
Ontario,35,"Dementia, including Alzheimer's disease",65+,Males,2004,1.55,1.52,1.58,5.6,5.54,5.65,3.8414722,3.6949776,3.9937749,
Ontario,35,"Dementia, including Alzheimer's disease",65+,Both sexes,2005,1.61,1.59,1.63,6.71,6.67,6.74,3.9621526,3.8463821,4.0814075,
Ontario,35,"Dementia, including Alzheimer's disease",65+,Females,2005,1.7,1.67,1.73,7.3,7.25,7.35,3.9782557,3.8124293,4.151295,
Ontario,35,"Dementia, including Alzheimer's disease",65+,Males,2005,1.47,1.44,1.5,5.74,5.69,5.8,3.9757822,3.8203122,4.1375791,
Ontario,35,"Dementia, including Alzheimer's disease",65+,Both sexes,2006,1.62,1.6,1.64,6.87,6.84,6.91,4.0798907,3.962173,4.2011059,
Ontario,35,"Dementia, including Alzheimer's disease",65+,Females,2006,1.7,1.67,1.73,7.47,7.42,7.53,4.2558446,4.0786388,4.4407496,
Ontario,35,"Dementia, including Alzheimer's disease",65+,Males,2006,1.5,1.48,1.53,5.91,5.86,5.96,3.971062,3.8184637,4.1297587,
Ontario,35,"Dementia, including Alzheimer's disease",65+,Both sexes,2007,1.58,1.56,1.6,6.95,6.92,6.99,3.9992186,3.8851163,4.1166721,
Ontario,35,"Dementia, including Alzheimer's disease",65+,Females,2007,1.65,1.63,1.68,7.56,7.51,7.6,4.2486573,4.0668213,4.4386236,
Ontario,35,"Dementia, including Alzheimer's disease",65+,Males,2007,1.47,1.44,1.5,5.99,5.94,6.05,3.8607884,3.7179795,4.0090827,
Ontario,35,"Dementia, including Alzheimer's disease",65+,Both sexes,2008,1.67,1.65,1.69,7.21,7.17,7.25,4.0024377,3.8915368,4.116499,
Ontario,35,"Dementia, including Alzheimer's disease",65+,Females,2008,1.76,1.73,1.78,7.84,7.79,7.89,4.1277378,3.9607475,4.3017687,
Ontario,35,"Dementia, including Alzheimer's disease",65+,Males,2008,1.53,1.5,1.56,6.22,6.17,6.27,3.9452884,3.800908,4.0951533,
Ontario,35,"Dementia, including Alzheimer's disease",65+,Both sexes,2009,1.64,1.62,1.66,7.3,7.27,7.34,3.895061,3.788764,4.0043403,
Ontario,35,"Dementia, including Alzheimer's disease",65+,Females,2009,1.74,1.71,1.76,7.96,7.91,8.01,4.053628,3.893875,4.2199351,
Ontario,35,"Dementia, including Alzheimer's disease",65+,Males,2009,1.49,1.47,1.52,6.29,6.23,6.34,3.8117309,3.6724498,3.9562945,
Ontario,35,"Dementia, including Alzheimer's disease",65+,Both sexes,2010,1.6,1.58,1.62,7.37,7.33,7.41,4.01695,3.9077253,4.1292277,
Ontario,35,"Dementia, including Alzheimer's disease",65+,Females,2010,1.68,1.65,1.7,8.03,7.98,8.08,4.2263613,4.0563129,4.4035384,
Ontario,35,"Dementia, including Alzheimer's disease",65+,Males,2010,1.48,1.45,1.51,6.37,6.31,6.42,3.8927285,3.7535359,4.0370829,
Ontario,35,"Dementia, including Alzheimer's disease",65+,Both sexes,2011,1.55,1.53,1.56,7.36,7.32,7.39,4.0207169,3.9117653,4.1327031,
Ontario,35,"Dementia, including Alzheimer's disease",65+,Females,2011,1.62,1.59,1.64,8.01,7.96,8.06,4.2185478,4.0510965,4.3929208,
Ontario,35,"Dementia, including Alzheimer's disease",65+,Males,2011,1.44,1.42,1.47,6.37,6.32,6.42,3.9029602,3.7625436,4.0486172,
Ontario,35,"Dementia, including Alzheimer's disease",65+,Both sexes,2012,1.52,1.5,1.53,7.36,7.32,7.39,4.1290481,4.020894,4.2401114,
Ontario,35,"Dementia, including Alzheimer's disease",65+,Females,2012,1.61,1.59,1.63,8.02,7.97,8.07,4.3315817,4.1673339,4.502303,
Ontario,35,"Dementia, including Alzheimer's disease",65+,Males,2012,1.39,1.36,1.41,6.37,6.32,6.42,4.008471,3.8677726,4.1542875,
Ontario,35,"Dementia, including Alzheimer's disease",65+,Both sexes,2013,1.47,1.46,1.49,7.32,7.29,7.35,4.3585361,4.2439251,4.4762422,
Ontario,35,"Dementia, including Alzheimer's disease",65+,Females,2013,1.55,1.52,1.57,7.97,7.92,8.02,4.5302168,4.3571313,4.7101781,
Ontario,35,"Dementia, including Alzheimer's disease",65+,Males,2013,1.37,1.35,1.4,6.36,6.31,6.41,4.2447635,4.0953452,4.3996333,
Manitoba,46,"Dementia, including Alzheimer's disease",65+,Both sexes,2002,1.04,0.99,1.09,4.63,4.53,4.73,3.2024314,2.8508487,3.5973733,
Manitoba,46,"Dementia, including Alzheimer's disease",65+,Females,2002,1.04,0.98,1.11,4.99,4.86,5.12,3.4065662,2.8472694,4.0757272,
Manitoba,46,"Dementia, including Alzheimer's disease",65+,Males,2002,1.02,0.94,1.1,4.01,3.86,4.17,3.0577228,2.6362959,3.5465173,
Manitoba,46,"Dementia, including Alzheimer's disease",65+,Both sexes,2003,1.11,1.06,1.16,4.74,4.64,4.84,3.6504658,3.2431855,4.1088924,
Manitoba,46,"Dementia, including Alzheimer's disease",65+,Females,2003,1.11,1.04,1.18,5.07,4.94,5.21,3.5987558,3.0294988,4.2749787,
Manitoba,46,"Dementia, including Alzheimer's disease",65+,Males,2003,1.1,1.02,1.19,4.18,4.03,4.33,3.6100438,3.0956039,4.2099754,
Manitoba,46,"Dementia, including Alzheimer's disease",65+,Both sexes,2004,1.58,1.52,1.64,5.25,5.15,5.36,3.5903903,3.2309732,3.9897894,
Manitoba,46,"Dementia, including Alzheimer's disease",65+,Females,2004,1.58,1.5,1.66,5.56,5.43,5.7,4.0055335,3.4181345,4.6938757,
Manitoba,46,"Dementia, including Alzheimer's disease",65+,Males,2004,1.58,1.48,1.68,4.71,4.56,4.88,3.2571587,2.8395338,3.7362059,
Manitoba,46,"Dementia, including Alzheimer's disease",65+,Both sexes,2005,1.46,1.4,1.52,5.5,5.39,5.61,4.0358358,3.6157965,4.5046701,
Manitoba,46,"Dementia, including Alzheimer's disease",65+,Females,2005,1.44,1.37,1.52,5.78,5.64,5.92,4.284783,3.6344185,5.0515277,
Manitoba,46,"Dementia, including Alzheimer's disease",65+,Males,2005,1.47,1.38,1.57,5.01,4.84,5.17,3.8016435,3.2956105,4.3853766,
Manitoba,46,"Dementia, including Alzheimer's disease",65+,Both sexes,2006,1.48,1.42,1.54,5.69,5.58,5.8,4.2345973,3.7947234,4.7254602,
Manitoba,46,"Dementia, including Alzheimer's disease",65+,Females,2006,1.52,1.45,1.6,6,5.86,6.14,4.6761593,3.9491916,5.5369472,
Manitoba,46,"Dementia, including Alzheimer's disease",65+,Males,2006,1.4,1.31,1.49,5.14,4.98,5.31,3.9079421,3.404143,4.4863014,
Manitoba,46,"Dementia, including Alzheimer's disease",65+,Both sexes,2007,1.44,1.39,1.5,5.79,5.68,5.9,3.8800473,3.4821695,4.3233873,
Manitoba,46,"Dementia, including Alzheimer's disease",65+,Females,2007,1.48,1.41,1.56,6.14,6,6.29,3.8815415,3.3044648,4.5593963,
Manitoba,46,"Dementia, including Alzheimer's disease",65+,Males,2007,1.37,1.29,1.46,5.16,4.99,5.32,3.8318032,3.3289125,4.4106644,
Manitoba,46,"Dementia, including Alzheimer's disease",65+,Both sexes,2008,1.48,1.43,1.54,5.95,5.84,6.06,4.2938009,3.8699188,4.7641119,
Manitoba,46,"Dementia, including Alzheimer's disease",65+,Females,2008,1.55,1.47,1.62,6.35,6.21,6.5,4.5231451,3.8618447,5.2976863,
Manitoba,46,"Dementia, including Alzheimer's disease",65+,Males,2008,1.38,1.29,1.47,5.24,5.08,5.4,4.1331216,3.6165714,4.72345,
Manitoba,46,"Dementia, including Alzheimer's disease",65+,Both sexes,2009,1.49,1.43,1.55,6.03,5.92,6.14,4.4131929,3.9787389,4.8950865,
Manitoba,46,"Dementia, including Alzheimer's disease",65+,Females,2009,1.52,1.45,1.6,6.46,6.32,6.61,4.153248,3.5681566,4.8342804,
Manitoba,46,"Dementia, including Alzheimer's disease",65+,Males,2009,1.42,1.33,1.51,5.28,5.12,5.45,4.5866231,3.9981884,5.2616609,
Manitoba,46,"Dementia, including Alzheimer's disease",65+,Both sexes,2010,1.5,1.45,1.56,6.14,6.03,6.25,4.2432711,3.8550231,4.6706203,
Manitoba,46,"Dementia, including Alzheimer's disease",65+,Females,2010,1.52,1.45,1.6,6.59,6.45,6.74,4.0666347,3.5556819,4.6510115,
Manitoba,46,"Dementia, including Alzheimer's disease",65+,Males,2010,1.47,1.39,1.57,5.39,5.23,5.55,4.3710193,3.8327587,4.9848715,
Manitoba,46,"Dementia, including Alzheimer's disease",65+,Both sexes,2011,1.49,1.43,1.55,6.15,6.04,6.25,3.9899074,3.6337245,4.3810038,
Manitoba,46,"Dementia, including Alzheimer's disease",65+,Females,2011,1.44,1.37,1.52,6.53,6.38,6.67,3.9804856,3.4894663,4.5405985,
Manitoba,46,"Dementia, including Alzheimer's disease",65+,Males,2011,1.54,1.45,1.63,5.49,5.33,5.66,3.9869361,3.5121421,4.5259159,
Manitoba,46,"Dementia, including Alzheimer's disease",65+,Both sexes,2012,1.43,1.37,1.48,6.14,6.04,6.25,4.2980206,3.9105873,4.723838,
Manitoba,46,"Dementia, including Alzheimer's disease",65+,Females,2012,1.44,1.37,1.51,6.52,6.38,6.67,4.5972049,3.9914327,5.2949141,
Manitoba,46,"Dementia, including Alzheimer's disease",65+,Males,2012,1.4,1.32,1.49,5.49,5.33,5.65,4.0321757,3.5616142,4.5649078,
Manitoba,46,"Dementia, including Alzheimer's disease",65+,Both sexes,2013,1.49,1.44,1.55,6.21,6.11,6.32,4.6266129,4.2237061,5.0679536,
Manitoba,46,"Dementia, including Alzheimer's disease",65+,Females,2013,1.52,1.44,1.59,6.6,6.46,6.75,4.4981319,3.8879057,5.2041362,
Manitoba,46,"Dementia, including Alzheimer's disease",65+,Males,2013,1.45,1.37,1.54,5.56,5.41,5.72,4.7421679,4.2336799,5.3117279,
Alberta,48,"Dementia, including Alzheimer's disease",65+,Both sexes,2002,1.8,1.75,1.85,5.67,5.59,5.75,4.9155927,4.5999754,5.2528654,
Alberta,48,"Dementia, including Alzheimer's disease",65+,Females,2002,1.78,1.72,1.85,6.02,5.92,6.13,5.0690808,4.5797077,5.6107468,
Alberta,48,"Dementia, including Alzheimer's disease",65+,Males,2002,1.8,1.73,1.88,5.05,4.93,5.18,4.73175,4.3471213,5.1504104,
Alberta,48,"Dementia, including Alzheimer's disease",65+,Both sexes,2003,1.77,1.72,1.82,5.92,5.84,6,4.820617,4.5094697,5.153233,
Alberta,48,"Dementia, including Alzheimer's disease",65+,Females,2003,1.82,1.76,1.88,6.32,6.21,6.43,5.0758022,4.5985285,5.6026113,
Alberta,48,"Dementia, including Alzheimer's disease",65+,Males,2003,1.68,1.61,1.76,5.24,5.12,5.37,4.569399,4.1852652,4.9887894,
Alberta,48,"Dementia, including Alzheimer's disease",65+,Both sexes,2004,1.68,1.63,1.72,6.06,5.98,6.14,4.9884756,4.6711398,5.3273699,
Alberta,48,"Dementia, including Alzheimer's disease",65+,Females,2004,1.7,1.64,1.76,6.45,6.35,6.56,5.4152768,4.9132512,5.9685983,
Alberta,48,"Dementia, including Alzheimer's disease",65+,Males,2004,1.63,1.56,1.7,5.37,5.25,5.5,4.5844473,4.2005638,5.0034133,
Alberta,48,"Dementia, including Alzheimer's disease",65+,Both sexes,2005,1.69,1.64,1.73,6.17,6.09,6.25,4.9847833,4.6589084,5.3334521,
Alberta,48,"Dementia, including Alzheimer's disease",65+,Females,2005,1.71,1.65,1.77,6.55,6.45,6.66,5.4236829,4.8954149,6.0089567,
Alberta,48,"Dementia, including Alzheimer's disease",65+,Males,2005,1.64,1.57,1.71,5.51,5.39,5.64,4.5931098,4.2067697,5.0149305,
Alberta,48,"Dementia, including Alzheimer's disease",65+,Both sexes,2006,1.65,1.61,1.7,6.26,6.19,6.34,5.0872308,4.7738451,5.4211892,
Alberta,48,"Dementia, including Alzheimer's disease",65+,Females,2006,1.7,1.64,1.76,6.67,6.57,6.78,5.4150164,4.9298878,5.9478844,
Alberta,48,"Dementia, including Alzheimer's disease",65+,Males,2006,1.57,1.5,1.64,5.58,5.46,5.7,4.7870676,4.3983325,5.21016,
Alberta,48,"Dementia, including Alzheimer's disease",65+,Both sexes,2007,1.65,1.61,1.7,6.32,6.25,6.4,4.921157,4.6195477,5.2424584,
Alberta,48,"Dementia, including Alzheimer's disease",65+,Females,2007,1.69,1.63,1.74,6.75,6.64,6.86,5.3482667,4.876968,5.8651106,
Alberta,48,"Dementia, including Alzheimer's disease",65+,Males,2007,1.59,1.53,1.66,5.62,5.51,5.74,4.544406,4.1724591,4.9495095,
Alberta,48,"Dementia, including Alzheimer's disease",65+,Both sexes,2008,1.67,1.63,1.72,6.4,6.32,6.48,5.0798559,4.780463,5.3979993,
Alberta,48,"Dementia, including Alzheimer's disease",65+,Females,2008,1.76,1.71,1.82,6.87,6.76,6.97,5.360043,4.9073222,5.8545292,
Alberta,48,"Dementia, including Alzheimer's disease",65+,Males,2008,1.53,1.47,1.59,5.64,5.53,5.76,4.8271552,4.4477669,5.2389048,
Alberta,48,"Dementia, including Alzheimer's disease",65+,Both sexes,2009,2.27,2.22,2.32,6.92,6.85,7,4.3976017,4.1427689,4.66811,
Alberta,48,"Dementia, including Alzheimer's disease",65+,Females,2009,2.4,2.34,2.47,7.46,7.35,7.57,4.4338469,4.0568106,4.8459247,
Alberta,48,"Dementia, including Alzheimer's disease",65+,Males,2009,2.07,2,2.14,6.08,5.96,6.19,4.3780164,4.0457534,4.7375668,
Alberta,48,"Dementia, including Alzheimer's disease",65+,Both sexes,2010,1.71,1.67,1.76,6.98,6.91,7.06,4.3933047,4.1506421,4.6501544,
Alberta,48,"Dementia, including Alzheimer's disease",65+,Females,2010,1.8,1.75,1.86,7.57,7.46,7.68,4.6940364,4.3060819,5.1169434,
Alberta,48,"Dementia, including Alzheimer's disease",65+,Males,2010,1.58,1.52,1.64,6.08,5.96,6.19,4.1865875,3.8882332,4.5078354,
Alberta,48,"Dementia, including Alzheimer's disease",65+,Both sexes,2011,1.75,1.71,1.79,7.03,6.96,7.11,4.5680699,4.3160013,4.8348602,
Alberta,48,"Dementia, including Alzheimer's disease",65+,Females,2011,1.86,1.81,1.92,7.67,7.57,7.78,4.7319589,4.3421309,5.156785,
Alberta,48,"Dementia, including Alzheimer's disease",65+,Males,2011,1.6,1.54,1.66,6.07,5.96,6.18,4.5014272,4.1809193,4.846505,
Alberta,48,"Dementia, including Alzheimer's disease",65+,Both sexes,2012,1.7,1.66,1.74,7.05,6.98,7.13,4.5641738,4.3211162,4.8209031,
Alberta,48,"Dementia, including Alzheimer's disease",65+,Females,2012,1.8,1.75,1.86,7.73,7.62,7.83,4.7713257,4.3981175,5.176203,
Alberta,48,"Dementia, including Alzheimer's disease",65+,Males,2012,1.56,1.5,1.61,6.04,5.94,6.15,4.4230723,4.1133142,4.7561571,
Alberta,48,"Dementia, including Alzheimer's disease",65+,Both sexes,2013,1.58,1.55,1.62,6.98,6.91,7.06,4.5975509,4.3558318,4.8526837,
Alberta,48,"Dementia, including Alzheimer's disease",65+,Females,2013,1.67,1.62,1.73,7.67,7.57,7.78,4.9410327,4.5524105,5.36283,
Alberta,48,"Dementia, including Alzheimer's disease",65+,Males,2013,1.45,1.4,1.51,5.97,5.87,6.08,4.3728564,4.0751385,4.6923248,
British Columbia,59,"Dementia, including Alzheimer's disease",65+,Both sexes,2002,1.35,1.32,1.38,4.69,4.64,4.75,3.8108477,3.5914543,4.0436434,
British Columbia,59,"Dementia, including Alzheimer's disease",65+,Females,2002,1.37,1.33,1.41,5.04,4.96,5.11,3.9232094,3.594056,4.2825076,
British Columbia,59,"Dementia, including Alzheimer's disease",65+,Males,2002,1.32,1.27,1.37,4.16,4.07,4.24,3.715751,3.436661,4.0175058,
British Columbia,59,"Dementia, including Alzheimer's disease",65+,Both sexes,2003,1.34,1.31,1.37,4.96,4.91,5.02,3.7282979,3.5245478,3.9438267,
British Columbia,59,"Dementia, including Alzheimer's disease",65+,Females,2003,1.38,1.34,1.42,5.32,5.24,5.39,3.61333,3.3316475,3.918828,
British Columbia,59,"Dementia, including Alzheimer's disease",65+,Males,2003,1.28,1.23,1.32,4.41,4.33,4.5,3.777573,3.5059913,4.070192,
British Columbia,59,"Dementia, including Alzheimer's disease",65+,Both sexes,2004,1.32,1.29,1.35,5.15,5.1,5.21,4.1886373,3.9625064,4.427673,
British Columbia,59,"Dementia, including Alzheimer's disease",65+,Females,2004,1.36,1.32,1.4,5.51,5.44,5.59,4.3067933,3.9729346,4.6687073,
British Columbia,59,"Dementia, including Alzheimer's disease",65+,Males,2004,1.27,1.22,1.31,4.61,4.52,4.69,4.0629899,3.77267,4.3756509,
British Columbia,59,"Dementia, including Alzheimer's disease",65+,Both sexes,2005,1.31,1.28,1.34,5.27,5.22,5.33,4.1116956,3.8915411,4.3443047,
British Columbia,59,"Dementia, including Alzheimer's disease",65+,Females,2005,1.34,1.3,1.38,5.63,5.55,5.71,4.0323506,3.723907,4.3663419,
British Columbia,59,"Dementia, including Alzheimer's disease",65+,Males,2005,1.25,1.21,1.3,4.72,4.64,4.81,4.1777761,3.8833929,4.4944752,
British Columbia,59,"Dementia, including Alzheimer's disease",65+,Both sexes,2006,1.29,1.26,1.32,5.39,5.33,5.44,3.9822346,3.7758641,4.1998844,
British Columbia,59,"Dementia, including Alzheimer's disease",65+,Females,2006,1.32,1.28,1.36,5.75,5.68,5.83,3.8323515,3.5373059,4.1520068,
British Columbia,59,"Dementia, including Alzheimer's disease",65+,Males,2006,1.25,1.21,1.3,4.82,4.73,4.9,4.0603498,3.7890371,4.3510897,
British Columbia,59,"Dementia, including Alzheimer's disease",65+,Both sexes,2007,1.36,1.33,1.39,5.52,5.47,5.58,4.0477002,3.8422995,4.2640811,
British Columbia,59,"Dementia, including Alzheimer's disease",65+,Females,2007,1.41,1.37,1.45,5.93,5.85,6.01,4.0895044,3.7826762,4.4212206,
British Columbia,59,"Dementia, including Alzheimer's disease",65+,Males,2007,1.29,1.24,1.33,4.91,4.82,4.99,4.0367163,3.7716151,4.3204512,
British Columbia,59,"Dementia, including Alzheimer's disease",65+,Both sexes,2008,1.42,1.39,1.45,5.68,5.62,5.73,4.2436248,4.0300349,4.4685348,
British Columbia,59,"Dementia, including Alzheimer's disease",65+,Females,2008,1.47,1.43,1.51,6.11,6.03,6.19,4.3480642,4.0284509,4.6930352,
British Columbia,59,"Dementia, including Alzheimer's disease",65+,Males,2008,1.34,1.3,1.39,5.02,4.94,5.1,4.1200404,3.8487051,4.410505,
British Columbia,59,"Dementia, including Alzheimer's disease",65+,Both sexes,2009,1.46,1.43,1.49,5.84,5.78,5.9,4.2157196,4.0023759,4.4404353,
British Columbia,59,"Dementia, including Alzheimer's disease",65+,Females,2009,1.51,1.47,1.55,6.28,6.2,6.35,4.4520558,4.1189339,4.8121192,
British Columbia,59,"Dementia, including Alzheimer's disease",65+,Males,2009,1.37,1.33,1.42,5.17,5.09,5.25,4.0349924,3.7700314,4.3185751,
British Columbia,59,"Dementia, including Alzheimer's disease",65+,Both sexes,2010,1.5,1.47,1.52,6.03,5.98,6.09,4.2706797,4.0597645,4.4925525,
British Columbia,59,"Dementia, including Alzheimer's disease",65+,Females,2010,1.53,1.49,1.57,6.47,6.39,6.55,4.4915371,4.155443,4.8548146,
British Columbia,59,"Dementia, including Alzheimer's disease",65+,Males,2010,1.44,1.4,1.49,5.36,5.28,5.45,4.0969093,3.8377511,4.3735681,
British Columbia,59,"Dementia, including Alzheimer's disease",65+,Both sexes,2011,1.47,1.44,1.5,6.14,6.09,6.2,4.2396779,4.0426068,4.446356,
British Columbia,59,"Dementia, including Alzheimer's disease",65+,Females,2011,1.52,1.48,1.56,6.6,6.52,6.67,4.3467441,4.0428846,4.6734414,
British Columbia,59,"Dementia, including Alzheimer's disease",65+,Males,2011,1.38,1.34,1.43,5.45,5.37,5.53,4.1596749,3.9106826,4.4245204,
British Columbia,59,"Dementia, including Alzheimer's disease",65+,Both sexes,2012,1.44,1.41,1.47,6.21,6.15,6.26,4.4020661,4.1948361,4.6195336,
British Columbia,59,"Dementia, including Alzheimer's disease",65+,Females,2012,1.49,1.46,1.53,6.68,6.6,6.75,4.3316423,4.0271146,4.6591981,
British Columbia,59,"Dementia, including Alzheimer's disease",65+,Males,2012,1.36,1.32,1.4,5.5,5.42,5.58,4.4084672,4.1402728,4.6940343,
British Columbia,59,"Dementia, including Alzheimer's disease",65+,Both sexes,2013,1.39,1.36,1.41,6.25,6.19,6.3,4.4991872,4.2935375,4.714687,
British Columbia,59,"Dementia, including Alzheimer's disease",65+,Females,2013,1.44,1.41,1.48,6.74,6.66,6.81,4.5707488,4.2596556,4.904562,
British Columbia,59,"Dementia, including Alzheimer's disease",65+,Males,2013,1.31,1.27,1.35,5.53,5.45,5.61,4.449672,4.1843561,4.7318107,
,,,,,,,,,,,,8.3629721,,,
,,,,,,,,,,,,1.3899189,,,
,,,,,,,,,,,,6.9730532,,,
,,,,,,,,,,,,1.39461064,,,
,,,,,,,,,,,,,,,1.39
,,,,,,,,,,,,1.38,,,1.399
,,,,,,,,,,,,2.77461064,,,
,,,,,,,,,,,,4.16922128,,,
,,,,,,,,,,,,5.56383192,,,
,,,,,,,,,,,,6.95844256,,,